feature,band,loans,defaults,default_rate,woe,points
credit_score,<= 662.5,3950,454,0.1149,-1.8455,16.0343
credit_score,"(662.5, 685.5]",4258,280,0.0658,-1.2337,28.7845
credit_score,"(685.5, 715.5]",9613,321,0.0334,-0.5218,43.6213
credit_score,"(715.5, 742.5]",11185,209,0.0187,0.073,56.0184
credit_score,"(742.5, 766.5]",12908,151,0.0117,0.5475,65.9078
credit_score,> 766.5,36071,148,0.0041,1.6028,87.9014
credit_score,missing,22,3,0.1364,-2.1682,9.3093
mi_pct,<= 9,63273,1028,0.0162,0.2162,54.7126
mi_pct,"(9, 28.5]",8595,339,0.0394,-0.6955,53.8052
mi_pct,> 28.5,6139,199,0.0324,-0.493,54.0067
mi_pct,missing,0,0,,-3.8867,50.6289
cltv,<= 51.5,10936,59,0.0054,1.3227,71.0817
cltv,"(51.5, 67.5]",14099,168,0.0119,0.5292,61.1323
cltv,"(67.5, 70.5]",4656,119,0.0256,-0.249,51.3753
cltv,"(70.5, 83.5]",31546,631,0.02,0.0051,54.5614
cltv,"(83.5, 90.5]",8746,337,0.0385,-0.6703,46.0933
cltv,> 90.5,8020,252,0.0314,-0.4594,48.7373
cltv,missing,4,0,0.0,-1.6886,33.3249
dti,<= 29.5,27155,211,0.0078,0.9615,65.4629
dti,"(29.5, 35.5]",14132,188,0.0133,0.4179,59.2637
dti,"(35.5, 42.5]",17302,354,0.0205,-0.0186,54.2854
dti,"(42.5, 45.5]",7932,201,0.0253,-0.2385,51.7769
dti,"(45.5, 50.5]",6774,250,0.0369,-0.6259,47.3587
dti,> 50.5,4078,329,0.0807,-1.454,37.915
dti,missing,634,33,0.0521,-0.9979,43.1164
ltv,<= 45.5,8017,37,0.0046,1.4746,67.3981
ltv,"(45.5, 64.5]",15000,164,0.0109,0.6161,59.8876
ltv,"(64.5, 73.5]",11983,222,0.0185,0.0819,55.2134
ltv,"(73.5, 83.5]",28350,609,0.0215,-0.0678,53.9045
ltv,"(83.5, 90.5]",7185,295,0.0411,-0.7366,48.0533
ltv,> 90.5,7468,239,0.032,-0.4784,50.3117
ltv,missing,4,0,0.0,-1.6886,39.7246
int_rate,<= 4.2555,44146,169,0.0038,1.6728,83.852
int_rate,"(4.2555, 5.374]",6378,76,0.0119,0.5256,63.7209
int_rate,"(5.374, 5.985]",11406,271,0.0238,-0.1719,51.4812
int_rate,"(5.985, 6.245]",4395,152,0.0346,-0.5598,44.6732
int_rate,"(6.245, 6.74]",7731,432,0.0559,-1.0598,35.899
int_rate,> 6.74,3951,466,0.1179,-1.8747,21.5992
int_rate,missing,0,0,,-3.8858,-13.6926
orig_term,<= 238,15670,79,0.005,1.392,66.6976
orig_term,"(238, 347]",4034,24,0.0059,1.2113,65.1136
orig_term,> 347,58303,1463,0.0251,-0.2273,52.5049
orig_term,missing,0,0,,-3.8867,20.4313
n_borrowers,<= 1.5,35954,1102,0.0307,-0.4335,44.685
n_borrowers,> 1.5,42041,464,0.011,0.6073,68.2433
n_borrowers,missing,12,0,0.0,-0.6682,39.3733
channel,B,8522,291,0.0341,-0.5454,48.223
channel,C,22040,347,0.0157,0.2479,57.3489
channel,R,41776,518,0.0124,0.4906,60.1404
channel,T,5669,410,0.0723,-1.3357,39.1322
channel,other,0,0,,-3.8861,9.7937
channel,missing,0,0,,-3.8861,9.7937
state,AL,800,15,0.0188,0.0471,55.5717
state,AZ,1897,45,0.0237,-0.1718,50.582
state,CA,11248,210,0.0187,0.0813,56.3508
state,CO,2382,23,0.0097,0.7309,71.1568
state,CT,841,26,0.0309,-0.4517,44.2013
state,FL,3716,187,0.0503,-0.9432,32.9973
state,GA,2075,60,0.0289,-0.3724,46.0094
state,IA,827,10,0.0121,0.4765,65.3595
state,IL,4158,106,0.0255,-0.2394,49.0403
state,IN,1734,17,0.0098,0.7081,70.6375
state,KY,1108,13,0.0117,0.5179,66.3032
state,MA,2303,26,0.0113,0.5753,67.6119
state,MD,1634,37,0.0226,-0.1265,51.614
state,MI,2365,50,0.0211,-0.0529,53.2906
state,MN,1880,24,0.0128,0.4494,64.7418
state,MO,1885,28,0.0149,0.2987,61.3068
state,NC,2673,48,0.018,0.1131,57.0757
state,NJ,2049,50,0.0244,-0.1997,49.946
state,NY,2547,77,0.0302,-0.4165,45.0046
state,OH,2595,31,0.0119,0.5212,66.3774
state,OR,1422,27,0.019,0.0485,55.6023
state,PA,2416,45,0.0186,0.0752,56.2119
state,SC,1154,30,0.026,-0.271,48.3205
state,TN,1331,23,0.0173,0.1413,57.7179
state,TX,4641,82,0.0177,0.1338,57.5477
state,UT,1328,26,0.0196,0.0165,54.8746
state,VA,2361,32,0.0136,0.3938,63.4743
state,WA,2434,36,0.0148,0.3069,61.4938
state,WI,2119,31,0.0146,0.3159,61.6973
state,other,8084,151,0.0187,0.0799,56.319
state,missing,0,0,,-3.8783,-33.9074
super_conforming,N,75824,1561,0.0206,-0.0248,54.3813
super_conforming,Y,2183,5,0.0023,2.0949,64.3119
super_conforming,other,0,0,,-3.8867,36.2881
super_conforming,missing,0,0,,-3.8867,36.2881
